date,exchange_rate
2017-11-09,0.001415
2017-11-10,0.001163
2017-11-11,0.001201
2017-11-12,0.001038
2017-11-13,0.001211
2017-11-14,0.001184
2017-11-15,0.001339
2017-11-16,0.001390
2017-11-17,0.001313
2017-11-18,0.001373
2017-11-19,0.001376
2017-11-20,0.001394
2017-11-21,0.001389
2017-11-22,0.001823
2017-11-23,0.001891
2017-11-24,0.001908
2017-11-25,0.002072
2017-11-26,0.002026
2017-11-27,0.001988
2017-11-28,0.002363
2017-11-29,0.002080
2017-11-30,0.002079
2017-12-01,0.002148
2017-12-02,0.002149
2017-12-03,0.002223
2017-12-04,0.002463
2017-12-05,0.002479
2017-12-06,0.002663
2017-12-07,0.002720
2017-12-08,0.002779
2017-12-09,0.002617
2017-12-10,0.002547
2017-12-11,0.002798
2017-12-12,0.003304
2017-12-13,0.003461
2017-12-14,0.003709
2017-12-15,0.003762
2017-12-16,0.005933
2017-12-17,0.005984
2017-12-18,0.006433
2017-12-19,0.005666
2017-12-20,0.006661
2017-12-21,0.007425
2017-12-22,0.006054
2017-12-23,0.007259
2017-12-24,0.008582
2017-12-25,0.008931
2017-12-26,0.009411
2017-12-27,0.008872
2017-12-28,0.008486
2017-12-29,0.009391
2017-12-30,0.007860
2017-12-31,0.008972
2018-01-01,0.008909
2018-01-02,0.009145
2018-01-03,0.009320
2018-01-04,0.009644
2018-01-05,0.012167
2018-01-06,0.014863
2018-01-07,0.017088
2018-01-08,0.015045
2018-01-09,0.013420
2018-01-10,0.013102
2018-01-11,0.011469
2018-01-12,0.013056
2018-01-13,0.013023
2018-01-14,0.011684
2018-01-15,0.009857
2018-01-16,0.006822
2018-01-17,0.007648
2018-01-18,0.007969
2018-01-19,0.007871
2018-01-20,0.008448
2018-01-21,0.007131
2018-01-22,0.006734
2018-01-23,0.006673
2018-01-24,0.007083
2018-01-25,0.007667
2018-01-26,0.007237
2018-01-27,0.007373
2018-01-28,0.007465
2018-01-29,0.006967
2018-01-30,0.006024
2018-01-31,0.006010
2018-02-01,0.005029
2018-02-02,0.004475
2018-02-03,0.005164
2018-02-04,0.004399
2018-02-05,0.003533
2018-02-06,0.004361
2018-02-07,0.004297
2018-02-08,0.004566
2018-02-09,0.005000
2018-02-10,0.004989
2018-02-11,0.004956
2018-02-12,0.005472
2018-02-13,0.005638
2018-02-14,0.006730
2018-02-15,0.007347
2018-02-16,0.007034
2018-02-17,0.007049
2018-02-18,0.006424
2018-02-19,0.006697
2018-02-20,0.007094
2018-02-21,0.006581
2018-02-22,0.006259
2018-02-23,0.006648
2018-02-24,0.006324
2018-02-25,0.006142
2018-02-26,0.006339
2018-02-27,0.006291
2018-02-28,0.006018
2018-03-01,0.006215
2018-03-02,0.005482
2018-03-03,0.005301
2018-03-04,0.005502
2018-03-05,0.005218
2018-03-06,0.004610
2018-03-07,0.004024
2018-03-08,0.004025
2018-03-09,0.004146
2018-03-10,0.003973
2018-03-11,0.004210
2018-03-12,0.004032
2018-03-13,0.003960
2018-03-14,0.003524
2018-03-15,0.003536
2018-03-16,0.003510
2018-03-17,0.003299
2018-03-18,0.003190
2018-03-19,0.003440
2018-03-20,0.003651
2018-03-21,0.003659
2018-03-22,0.003528
2018-03-23,0.003560
2018-03-24,0.003590
2018-03-25,0.003505
2018-03-26,0.003289
2018-03-27,0.003145
2018-03-28,0.003141
2018-03-29,0.002827
2018-03-30,0.002763
2018-03-31,0.002819
2018-04-01,0.002719
2018-04-02,0.002797
2018-04-03,0.002980
2018-04-04,0.002770
2018-04-05,0.002714
2018-04-06,0.002670
2018-04-07,0.002802
2018-04-08,0.002843
2018-04-09,0.002763
2018-04-10,0.003043
2018-04-11,0.003396
2018-04-12,0.003798
2018-04-13,0.003995
2018-04-14,0.004150
2018-04-15,0.004571
2018-04-16,0.004585
2018-04-17,0.004744
2018-04-18,0.005412
2018-04-19,0.005824
2018-04-20,0.005893
2018-04-21,0.005413
2018-04-22,0.005539
2018-04-23,0.005482
2018-04-24,0.005800
2018-04-25,0.005093
2018-04-26,0.005627
2018-04-27,0.005422
2018-04-28,0.005357
2018-04-29,0.005459
2018-04-30,0.005210
2018-05-01,0.005144
2018-05-02,0.005273
2018-05-03,0.005641
2018-05-04,0.005269
2018-05-05,0.005180
2018-05-06,0.004970
2018-05-07,0.004817
2018-05-08,0.005303
2018-05-09,0.005093
2018-05-10,0.004870
2018-05-11,0.004362
2018-05-12,0.004473
2018-05-13,0.004329
2018-05-14,0.004460
2018-05-15,0.004515
2018-05-16,0.004385
2018-05-17,0.004188
2018-05-18,0.004017
2018-05-19,0.004286
2018-05-20,0.004423
2018-05-21,0.004271
2018-05-22,0.003851
2018-05-23,0.003591
2018-05-24,0.003499
2018-05-25,0.003514
2018-05-26,0.003463
2018-05-27,0.003424
2018-05-28,0.003226
2018-05-29,0.003437
2018-05-30,0.003354
2018-05-31,0.003398
2018-06-01,0.003423
2018-06-02,0.003558
2018-06-03,0.003690
2018-06-04,0.003532
2018-06-05,0.003654
2018-06-06,0.003787
2018-06-07,0.003732
2018-06-08,0.003659
2018-06-09,0.003593
2018-06-10,0.003182
2018-06-11,0.003234
2018-06-12,0.003089
2018-06-13,0.002817
2018-06-14,0.002944
2018-06-15,0.002901
2018-06-16,0.002895
2018-06-17,0.002873
2018-06-18,0.003027
2018-06-19,0.003033
2018-06-20,0.003021
2018-06-21,0.002988
2018-06-22,0.002668
2018-06-23,0.002641
2018-06-24,0.002510
2018-06-25,0.002485
2018-06-26,0.002478
2018-06-27,0.002437
2018-06-28,0.002357
2018-06-29,0.002427
2018-06-30,0.002499
2018-07-01,0.002489
2018-07-02,0.002703
2018-07-03,0.002638
2018-07-04,0.002680
2018-07-05,0.002599
2018-07-06,0.002597
2018-07-07,0.002645
2018-07-08,0.002611
2018-07-09,0.002603
2018-07-10,0.002411
2018-07-11,0.002425
2018-07-12,0.002306
2018-07-13,0.002332
2018-07-14,0.002362
2018-07-15,0.002380
2018-07-16,0.002854
2018-07-17,0.003228
2018-07-18,0.003712
2018-07-19,0.003844
2018-07-20,0.003410
2018-07-21,0.003270
2018-07-22,0.003458
2018-07-23,0.003431
2018-07-24,0.003620
2018-07-25,0.003543
2018-07-26,0.003393
2018-07-27,0.003418
2018-07-28,0.003400
2018-07-29,0.003307
2018-07-30,0.003273
2018-07-31,0.002945
2018-08-01,0.003160
2018-08-02,0.002946
2018-08-03,0.002918
2018-08-04,0.002745
2018-08-05,0.002837
2018-08-06,0.002779
2018-08-07,0.002671
2018-08-08,0.002415
2018-08-09,0.002555
2018-08-10,0.002392
2018-08-11,0.002404
2018-08-12,0.002404
2018-08-13,0.002331
2018-08-14,0.002260
2018-08-15,0.002303
2018-08-16,0.002292
2018-08-17,0.002455
2018-08-18,0.002394
2018-08-19,0.002473
2018-08-20,0.002369
2018-08-21,0.002424
2018-08-22,0.002315
2018-08-23,0.002385
2018-08-24,0.002426
2018-08-25,0.002370
2018-08-26,0.002404
2018-08-27,0.002462
2018-08-28,0.002607
2018-08-29,0.002606
2018-08-30,0.003206
2018-08-31,0.004794
2018-09-01,0.006278
2018-09-02,0.004999
2018-09-03,0.005266
2018-09-04,0.005269
2018-09-05,0.004931
2018-09-06,0.005010
2018-09-07,0.005307
2018-09-08,0.005692
2018-09-09,0.005829
2018-09-10,0.006892
2018-09-11,0.006329
2018-09-12,0.006455
2018-09-13,0.006554
2018-09-14,0.006180
2018-09-15,0.006165
2018-09-16,0.006531
2018-09-17,0.006243
2018-09-18,0.005981
2018-09-19,0.005609
2018-09-20,0.005695
2018-09-21,0.005684
2018-09-22,0.005758
2018-09-23,0.005901
2018-09-24,0.005677
2018-09-25,0.005686
2018-09-26,0.005695
2018-09-27,0.005879
2018-09-28,0.005831
2018-09-29,0.005865
2018-09-30,0.005906
2018-10-01,0.005942
2018-10-02,0.005824
2018-10-03,0.005704
2018-10-04,0.005645
2018-10-05,0.005669
2018-10-06,0.005545
2018-10-07,0.005562
2018-10-08,0.005578
2018-10-09,0.005635
2018-10-10,0.005552
2018-10-11,0.005000
2018-10-12,0.005247
2018-10-13,0.005182
2018-10-14,0.005158
2018-10-15,0.005218
2018-10-16,0.005017
2018-10-17,0.004599
2018-10-18,0.004386
2018-10-19,0.004470
2018-10-20,0.004551
2018-10-21,0.004517
2018-10-22,0.004366
2018-10-23,0.004172
2018-10-24,0.003911
2018-10-25,0.003717
2018-10-26,0.003984
2018-10-27,0.004195
2018-10-28,0.004063
2018-10-29,0.003847
2018-10-30,0.003850
2018-10-31,0.003764
2018-11-01,0.003777
2018-11-02,0.003773
2018-11-03,0.003733
2018-11-04,0.003676
2018-11-05,0.003622
2018-11-06,0.003696
2018-11-07,0.003637
2018-11-08,0.003384
2018-11-09,0.003140
2018-11-10,0.003285
2018-11-11,0.003162
2018-11-12,0.003064
2018-11-13,0.002945
2018-11-14,0.002695
2018-11-15,0.002800
2018-11-16,0.002746
2018-11-17,0.002595
2018-11-18,0.002643
2018-11-19,0.002418
2018-11-20,0.002254
2018-11-21,0.002448
2018-11-22,0.002412
2018-11-23,0.002361
2018-11-24,0.002224
2018-11-25,0.002220
2018-11-26,0.002099
2018-11-27,0.002087
2018-11-28,0.002246
2018-11-29,0.002241
2018-11-30,0.002165
2018-12-01,0.002250
2018-12-02,0.002246
2018-12-03,0.002371
2018-12-04,0.002196
2018-12-05,0.002180
2018-12-06,0.002097
2018-12-07,0.002104
2018-12-08,0.002120
2018-12-09,0.002102
2018-12-10,0.002100
2018-12-11,0.002088
2018-12-12,0.002111
2018-12-13,0.002065
2018-12-14,0.002070
2018-12-15,0.002113
2018-12-16,0.002125
2018-12-17,0.002533
2018-12-18,0.002684
2018-12-19,0.002720
2018-12-20,0.002731
2018-12-21,0.002545
2018-12-22,0.002502
2018-12-23,0.002542
2018-12-24,0.002540
2018-12-25,0.002404
2018-12-26,0.002474
2018-12-27,0.002364
2018-12-28,0.002434
2018-12-29,0.002403
2018-12-30,0.002367
2018-12-31,0.002346
2019-01-01,0.002392
2019-01-02,0.002407
2019-01-03,0.002360
2019-01-04,0.002315
2019-01-05,0.002319
2019-01-06,0.002328
2019-01-07,0.002285
2019-01-08,0.002276
2019-01-09,0.002266
2019-01-10,0.002132
2019-01-11,0.002129
2019-01-12,0.002148
2019-01-13,0.002094
2019-01-14,0.002183
2019-01-15,0.002111
2019-01-16,0.002138
2019-01-17,0.002094
2019-01-18,0.002106
2019-01-19,0.002153
2019-01-20,0.002119
2019-01-21,0.002101
2019-01-22,0.002057
2019-01-23,0.002043
2019-01-24,0.002039
2019-01-25,0.002118
2019-01-26,0.002083
2019-01-27,0.002027
2019-01-28,0.001944
2019-01-29,0.001927
2019-01-30,0.001961
2019-01-31,0.001925
2019-02-01,0.001916
2019-02-02,0.001936
2019-02-03,0.001904
2019-02-04,0.001896
2019-02-05,0.001888
2019-02-06,0.001866
2019-02-07,0.001845
2019-02-08,0.001956
2019-02-09,0.001949
2019-02-10,0.001946
2019-02-11,0.001906
2019-02-12,0.001894
2019-02-13,0.001893
2019-02-14,0.001897
2019-02-15,0.001908
2019-02-16,0.001924
2019-02-17,0.001992
2019-02-18,0.002114
2019-02-19,0.002067
2019-02-20,0.002079
2019-02-21,0.002028
2019-02-22,0.002056
2019-02-23,0.002083
2019-02-24,0.001974
2019-02-25,0.002030
2019-02-26,0.002023
2019-02-27,0.002019
2019-02-28,0.001976
2019-03-01,0.001994
2019-03-02,0.002003
2019-03-03,0.001999
2019-03-04,0.001982
2019-03-05,0.001985
2019-03-06,0.001983
2019-03-07,0.001991
2019-03-08,0.001980
2019-03-09,0.001998
2019-03-10,0.001999
2019-03-11,0.001966
2019-03-12,0.002012
2019-03-13,0.002025
2019-03-14,0.002039
2019-03-15,0.002048
2019-03-16,0.002077
2019-03-17,0.002081
2019-03-18,0.002083
2019-03-19,0.002091
2019-03-20,0.002061
2019-03-21,0.002054
2019-03-22,0.002052
2019-03-23,0.002064
2019-03-24,0.002054
2019-03-25,0.002043
2019-03-26,0.002054
2019-03-27,0.002085
2019-03-28,0.002074
2019-03-29,0.002087
2019-03-30,0.002080
2019-03-31,0.002080
2019-04-01,0.002461
2019-04-02,0.002795
2019-04-03,0.003164
2019-04-04,0.003697
2019-04-05,0.003590
2019-04-06,0.003439
2019-04-07,0.003418
2019-04-08,0.003045
2019-04-09,0.002884
2019-04-10,0.003021
2019-04-11,0.002789
2019-04-12,0.002856
2019-04-13,0.002872
2019-04-14,0.002882
2019-04-15,0.002790
2019-04-16,0.002835
2019-04-17,0.002810
2019-04-18,0.002946
2019-04-19,0.002893
2019-04-20,0.002902
2019-04-21,0.002760
2019-04-22,0.002798
2019-04-23,0.002772
2019-04-24,0.002599
2019-04-25,0.002506
2019-04-26,0.002519
2019-04-27,0.002516
2019-04-28,0.002531
2019-04-29,0.002466
2019-04-30,0.002513
2019-05-01,0.002521
2019-05-02,0.002611
2019-05-03,0.002721
2019-05-04,0.002680
2019-05-05,0.002653
2019-05-06,0.002542
2019-05-07,0.002536
2019-05-08,0.002537
2019-05-09,0.002500
2019-05-10,0.002522
2019-05-11,0.002754
2019-05-12,0.002665
2019-05-13,0.002756
2019-05-14,0.003068
2019-05-15,0.003308
2019-05-16,0.003168
2019-05-17,0.002962
2019-05-18,0.003005
2019-05-19,0.003178
2019-05-20,0.003041
2019-05-21,0.003086
2019-05-22,0.002939
2019-05-23,0.002961
2019-05-24,0.002995
2019-05-25,0.002991
2019-05-26,0.003092
2019-05-27,0.003141
2019-05-28,0.003148
2019-05-29,0.003127
2019-05-30,0.003258
2019-05-31,0.003441
2019-06-01,0.003419
2019-06-02,0.003398
2019-06-03,0.003198
2019-06-04,0.003042
2019-06-05,0.003070
2019-06-06,0.003087
2019-06-07,0.003110
2019-06-08,0.003084
2019-06-09,0.003012
2019-06-10,0.003091
2019-06-11,0.003058
2019-06-12,0.003067
2019-06-13,0.003074
2019-06-14,0.003124
2019-06-15,0.003157
2019-06-16,0.003186
2019-06-17,0.003190
2019-06-18,0.003125
2019-06-19,0.003130
2019-06-20,0.003161
2019-06-21,0.003223
2019-06-22,0.003279
2019-06-23,0.003304
2019-06-24,0.003368
2019-06-25,0.003392
2019-06-26,0.003379
2019-06-27,0.003329
2019-06-28,0.003490
2019-06-29,0.003405
2019-06-30,0.003258
2019-07-01,0.003238
2019-07-02,0.003204
2019-07-03,0.003313
2019-07-04,0.003229
2019-07-05,0.003867
2019-07-06,0.003547
2019-07-07,0.003633
2019-07-08,0.003559
2019-07-09,0.003549
2019-07-10,0.003424
2019-07-11,0.003243
2019-07-12,0.003340
2019-07-13,0.003249
2019-07-14,0.003014
2019-07-15,0.003092
2019-07-16,0.002825
2019-07-17,0.003030
2019-07-18,0.003121
2019-07-19,0.003059
2019-07-20,0.003118
2019-07-21,0.003076
2019-07-22,0.002997
2019-07-23,0.002880
2019-07-24,0.002915
2019-07-25,0.002921
2019-07-26,0.002921
2019-07-27,0.002823
2019-07-28,0.002859
2019-07-29,0.002840
2019-07-30,0.002817
2019-07-31,0.002899
2019-08-01,0.002957
2019-08-02,0.002909
2019-08-03,0.002912
2019-08-04,0.002938
2019-08-05,0.003087
2019-08-06,0.002950
2019-08-07,0.003006
2019-08-08,0.002928
2019-08-09,0.002904
2019-08-10,0.002842
2019-08-11,0.002898
2019-08-12,0.002880
2019-08-13,0.002825
2019-08-14,0.002722
2019-08-15,0.002640
2019-08-16,0.002681
2019-08-17,0.002646
2019-08-18,0.002723
2019-08-19,0.002797
2019-08-20,0.002763
2019-08-21,0.002675
2019-08-22,0.002700
2019-08-23,0.002713
2019-08-24,0.002661
2019-08-25,0.002662
2019-08-26,0.002679
2019-08-27,0.002620
2019-08-28,0.002524
2019-08-29,0.002450
2019-08-30,0.002482
2019-08-31,0.002511
2019-09-01,0.002492
2019-09-02,0.002596
2019-09-03,0.002595
2019-09-04,0.002690
2019-09-05,0.002531
2019-09-06,0.002509
2019-09-07,0.002515
2019-09-08,0.002501
2019-09-09,0.002461
2019-09-10,0.002437
2019-09-11,0.002399
2019-09-12,0.002425
2019-09-13,0.002426
2019-09-14,0.002441
2019-09-15,0.002460
2019-09-16,0.002455
2019-09-17,0.002608
2019-09-18,0.002719
2019-09-19,0.002709
2019-09-20,0.002672
2019-09-21,0.002586
2019-09-22,0.002592
2019-09-23,0.002486
2019-09-24,0.002228
2019-09-25,0.002197
2019-09-26,0.002155
2019-09-27,0.002221
2019-09-28,0.002234
2019-09-29,0.002223
2019-09-30,0.002387
2019-10-01,0.002388
2019-10-02,0.002351
2019-10-03,0.002325
2019-10-04,0.002360
2019-10-05,0.002322
2019-10-06,0.002346
2019-10-07,0.002390
2019-10-08,0.002346
2019-10-09,0.002388
2019-10-10,0.002332
2019-10-11,0.002345
2019-10-12,0.002340
2019-10-13,0.002447
2019-10-14,0.002545
2019-10-15,0.002510
2019-10-16,0.002607
2019-10-17,0.002755
2019-10-18,0.002706
2019-10-19,0.002743
2019-10-20,0.002730
2019-10-21,0.002774
2019-10-22,0.002565
2019-10-23,0.002495
2019-10-24,0.002538
2019-10-25,0.002684
2019-10-26,0.002622
2019-10-27,0.002654
2019-10-28,0.002646
2019-10-29,0.002655
2019-10-30,0.002616
2019-10-31,0.002615
2019-11-01,0.002630
2019-11-02,0.002627
2019-11-03,0.002637
2019-11-04,0.002614
2019-11-05,0.002624
2019-11-06,0.002628
2019-11-07,0.002725
2019-11-08,0.002653
2019-11-09,0.002713
2019-11-10,0.002775
2019-11-11,0.002715
2019-11-12,0.002725
2019-11-13,0.002698
2019-11-14,0.002680
2019-11-15,0.002657
2019-11-16,0.002669
2019-11-17,0.002648
2019-11-18,0.002576
2019-11-19,0.002548
2019-11-20,0.002556
2019-11-21,0.002426
2019-11-22,0.002362
2019-11-23,0.002505
2019-11-24,0.002365
2019-11-25,0.002286
2019-11-26,0.002291
2019-11-27,0.002339
2019-11-28,0.002313
2019-11-29,0.002456
2019-11-30,0.002320
2019-12-01,0.002292
2019-12-02,0.002235
2019-12-03,0.002217
2019-12-04,0.002208
2019-12-05,0.002223
2019-12-06,0.002226
2019-12-07,0.002230
2019-12-08,0.002238
2019-12-09,0.002208
2019-12-10,0.002204
2019-12-11,0.002185
2019-12-12,0.002188
2019-12-13,0.002175
2019-12-14,0.002170
2019-12-15,0.002154
2019-12-16,0.002121
2019-12-17,0.002018
2019-12-18,0.002183
2019-12-19,0.002123
2019-12-20,0.002075
2019-12-21,0.002084
2019-12-22,0.002115
2019-12-23,0.002073
2019-12-24,0.002073
2019-12-25,0.002088
2019-12-26,0.002058
2019-12-27,0.002053
2019-12-28,0.002064
2019-12-29,0.002068
2019-12-30,0.002054
2019-12-31,0.002028
2020-01-01,0.002033
2020-01-02,0.002009
2020-01-03,0.002145
2020-01-04,0.002241
2020-01-05,0.002419
2020-01-06,0.002463
2020-01-07,0.002433
2020-01-08,0.002293
2020-01-09,0.002256
2020-01-10,0.002356
2020-01-11,0.002314
2020-01-12,0.002381
2020-01-13,0.002358
2020-01-14,0.002470
2020-01-15,0.002369
2020-01-16,0.002345
2020-01-17,0.002490
2020-01-18,0.002507
2020-01-19,0.002405
2020-01-20,0.002374
2020-01-21,0.002376
2020-01-22,0.002323
2020-01-23,0.002268
2020-01-24,0.002276
2020-01-25,0.002257
2020-01-26,0.002305
2020-01-27,0.002368
2020-01-28,0.002450
2020-01-29,0.002390
2020-01-30,0.002440
2020-01-31,0.002394
2020-02-01,0.002422
2020-02-02,0.002468
2020-02-03,0.002440
2020-02-04,0.002503
2020-02-05,0.002582
2020-02-06,0.002653
2020-02-07,0.002769
2020-02-08,0.003159
2020-02-09,0.003232
2020-02-10,0.002986
2020-02-11,0.003041
2020-02-12,0.003093
2020-02-13,0.003026
2020-02-14,0.003130
2020-02-15,0.002920
2020-02-16,0.002774
2020-02-17,0.002712
2020-02-18,0.002839
2020-02-19,0.002624
2020-02-20,0.002659
2020-02-21,0.002648
2020-02-22,0.002601
2020-02-23,0.002680
2020-02-24,0.002590
2020-02-25,0.002476
2020-02-26,0.002339
2020-02-27,0.002324
2020-02-28,0.002289
2020-02-29,0.002235
2020-03-01,0.002275
2020-03-02,0.002349
2020-03-03,0.002499
2020-03-04,0.002398
2020-03-05,0.002506
2020-03-06,0.002496
2020-03-07,0.002405
2020-03-08,0.002187
2020-03-09,0.002214
2020-03-10,0.002207
2020-03-11,0.002184
2020-03-12,0.001537
2020-03-13,0.001738
2020-03-14,0.001666
2020-03-15,0.001685
2020-03-16,0.001587
2020-03-17,0.001587
2020-03-18,0.001566
2020-03-19,0.001773
2020-03-20,0.001773
2020-03-21,0.001785
2020-03-22,0.001731
2020-03-23,0.001805
2020-03-24,0.001851
2020-03-25,0.001834
2020-03-26,0.001842
2020-03-27,0.001807
2020-03-28,0.001778
2020-03-29,0.001723
2020-03-30,0.001831
2020-03-31,0.001811
2020-04-01,0.001867
2020-04-02,0.001882
2020-04-03,0.001853
2020-04-04,0.001880
2020-04-05,0.001865
2020-04-06,0.001980
2020-04-07,0.001997
2020-04-08,0.002012
2020-04-09,0.002021
2020-04-10,0.001968
2020-04-11,0.001990
2020-04-12,0.001990
2020-04-13,0.001959
2020-04-14,0.001964
2020-04-15,0.001940
2020-04-16,0.002028
2020-04-17,0.002013
2020-04-18,0.002061
2020-04-19,0.002058
2020-04-20,0.001982
2020-04-21,0.001971
2020-04-22,0.002011
2020-04-23,0.002047
2020-04-24,0.002103
2020-04-25,0.002142
2020-04-26,0.002409
2020-04-27,0.002355
2020-04-28,0.002339
2020-04-29,0.002517
2020-04-30,0.002443
2020-05-01,0.002494
2020-05-02,0.002549
2020-05-03,0.002510
2020-05-04,0.002481
2020-05-05,0.002484
2020-05-06,0.002529
2020-05-07,0.002664
2020-05-08,0.002625
2020-05-09,0.002613
2020-05-10,0.002459
2020-05-11,0.002413
2020-05-12,0.002463
2020-05-13,0.002521
2020-05-14,0.002574
2020-05-15,0.002506
2020-05-16,0.002513
2020-05-17,0.002538
2020-05-18,0.002543
2020-05-19,0.002538
2020-05-20,0.002508
2020-05-21,0.002485
2020-05-22,0.002533
2020-05-23,0.002544
2020-05-24,0.002458
2020-05-25,0.002540
2020-05-26,0.002486
2020-05-27,0.002510
2020-05-28,0.002524
2020-05-29,0.002532
2020-05-30,0.002615
2020-05-31,0.002555
2020-06-01,0.002647
2020-06-02,0.002561
2020-06-03,0.002583
2020-06-04,0.002631
2020-06-05,0.002596
2020-06-06,0.002587
2020-06-07,0.002606
2020-06-08,0.002584
2020-06-09,0.002569
2020-06-10,0.002584
2020-06-11,0.002452
2020-06-12,0.002520
2020-06-13,0.002533
2020-06-14,0.002511
2020-06-15,0.002479
2020-06-16,0.002487
2020-06-17,0.002485
2020-06-18,0.002472
2020-06-19,0.002435
2020-06-20,0.002447
2020-06-21,0.002447
2020-06-22,0.002474
2020-06-23,0.002484
2020-06-24,0.002430
2020-06-25,0.002417
2020-06-26,0.002359
2020-06-27,0.002313
2020-06-28,0.002326
2020-06-29,0.002313
2020-06-30,0.002320
2020-07-01,0.002354
2020-07-02,0.002361
2020-07-03,0.002316
2020-07-04,0.002309
2020-07-05,0.002309
2020-07-06,0.002616
2020-07-07,0.003090
2020-07-08,0.004750
2020-07-09,0.004397
2020-07-10,0.003515
2020-07-11,0.003811
2020-07-12,0.003630
2020-07-13,0.003178
2020-07-14,0.003294
2020-07-15,0.003085
2020-07-16,0.002995
2020-07-17,0.003061
2020-07-18,0.003473
2020-07-19,0.003382
2020-07-20,0.003239
2020-07-21,0.003305
2020-07-22,0.003285
2020-07-23,0.003295
2020-07-24,0.003220
2020-07-25,0.003234
2020-07-26,0.003235
2020-07-27,0.003153
2020-07-28,0.003197
2020-07-29,0.003192
2020-07-30,0.003231
2020-07-31,0.003225
2020-08-01,0.003689
2020-08-02,0.003336
2020-08-03,0.003389
2020-08-04,0.003535
2020-08-05,0.003513
2020-08-06,0.003560
2020-08-07,0.003533
2020-08-08,0.003510
2020-08-09,0.003463
2020-08-10,0.003499
2020-08-11,0.003394
2020-08-12,0.003484
2020-08-13,0.003517
2020-08-14,0.003561
2020-08-15,0.003539
2020-08-16,0.003524
2020-08-17,0.003591
2020-08-18,0.003514
2020-08-19,0.003424
2020-08-20,0.003459
2020-08-21,0.003393
2020-08-22,0.003442
2020-08-23,0.003414
2020-08-24,0.003418
2020-08-25,0.003305
2020-08-26,0.003303
2020-08-27,0.003203
2020-08-28,0.003268
2020-08-29,0.003282
2020-08-30,0.003300
2020-08-31,0.003221
2020-09-01,0.003256
2020-09-02,0.003122
2020-09-03,0.002802
2020-09-04,0.002899
2020-09-05,0.002758
2020-09-06,0.002787
2020-09-07,0.002811
2020-09-08,0.002756
2020-09-09,0.002779
2020-09-10,0.002805
2020-09-11,0.002806
2020-09-12,0.002819
2020-09-13,0.002776
2020-09-14,0.002803
2020-09-15,0.002832
2020-09-16,0.002826
2020-09-17,0.002814
2020-09-18,0.002804
2020-09-19,0.002794
2020-09-20,0.002778
2020-09-21,0.002630
2020-09-22,0.002656
2020-09-23,0.002560
2020-09-24,0.002628
2020-09-25,0.002698
2020-09-26,0.002716
2020-09-27,0.002692
2020-09-28,0.002652
2020-09-29,0.002685
2020-09-30,0.002630
2020-10-01,0.002616
2020-10-02,0.002583
2020-10-03,0.002599
2020-10-04,0.002635
2020-10-05,0.002612
2020-10-06,0.002611
2020-10-07,0.002595
2020-10-08,0.002596
2020-10-09,0.002653
2020-10-10,0.002655
2020-10-11,0.002674
2020-10-12,0.002673
2020-10-13,0.002635
2020-10-14,0.002637
2020-10-15,0.002593
2020-10-16,0.002612
2020-10-17,0.002581
2020-10-18,0.002586
2020-10-19,0.002590
2020-10-20,0.002601
2020-10-21,0.002630
2020-10-22,0.002655
2020-10-23,0.002647
2020-10-24,0.002646
2020-10-25,0.002653
2020-10-26,0.002679
2020-10-27,0.002677
2020-10-28,0.002595
2020-10-29,0.002581
2020-10-30,0.002598
2020-10-31,0.002576
2020-11-01,0.002582
2020-11-02,0.002517
2020-11-03,0.002528
2020-11-04,0.002533
2020-11-05,0.002617
2020-11-06,0.002760
2020-11-07,0.002671
2020-11-08,0.002711
2020-11-09,0.002670
2020-11-10,0.002753
2020-11-11,0.002769
2020-11-12,0.002779
2020-11-13,0.002821
2020-11-14,0.002773
2020-11-15,0.002775
2020-11-16,0.002886
2020-11-17,0.002936
2020-11-18,0.002909
2020-11-19,0.002911
2020-11-20,0.002984
2020-11-21,0.003507
2020-11-22,0.003329
2020-11-23,0.003648
2020-11-24,0.004204
2020-11-25,0.003727
2020-11-26,0.003250
2020-11-27,0.003275
2020-11-28,0.003405
2020-11-29,0.003448
2020-11-30,0.003551
2020-12-01,0.003335
2020-12-02,0.003374
2020-12-03,0.003428
2020-12-04,0.003298
2020-12-05,0.003397
2020-12-06,0.003388
2020-12-07,0.003342
2020-12-08,0.003179
2020-12-09,0.003158
2020-12-10,0.003105
2020-12-11,0.003079
2020-12-12,0.003163
2020-12-13,0.003256
2020-12-14,0.003231
2020-12-15,0.003206
2020-12-16,0.003416
2020-12-17,0.003730
2020-12-18,0.003858
2020-12-19,0.003927
2020-12-20,0.004625
2020-12-21,0.004787
2020-12-22,0.004508
2020-12-23,0.003768
2020-12-24,0.004570
2020-12-25,0.004582
2020-12-26,0.004494
2020-12-27,0.004548
2020-12-28,0.004592
2020-12-29,0.004486
2020-12-30,0.004636
2020-12-31,0.004682
2021-01-01,0.005685
2021-01-02,0.010615
2021-01-03,0.009771
2021-01-04,0.009767
2021-01-05,0.009920
2021-01-06,0.010465
2021-01-07,0.009742
2021-01-08,0.009846
2021-01-09,0.010194
2021-01-10,0.009860
2021-01-11,0.008835
2021-01-12,0.008063
2021-01-13,0.008616
2021-01-14,0.009397
2021-01-15,0.009369
2021-01-16,0.009265
2021-01-17,0.009067
2021-01-18,0.009171
2021-01-19,0.009098
2021-01-20,0.009060
2021-01-21,0.008166
2021-01-22,0.008524
2021-01-23,0.008579
2021-01-24,0.008727
2021-01-25,0.008383
2021-01-26,0.008255
2021-01-27,0.007482
2021-01-28,0.034084
2021-01-29,0.047162
2021-01-30,0.028176
2021-01-31,0.037196
2021-02-01,0.034875
2021-02-02,0.031520
2021-02-03,0.037120
2021-02-04,0.053289
2021-02-05,0.046935
2021-02-06,0.057595
2021-02-07,0.078782
2021-02-08,0.078825
2021-02-09,0.070070
2021-02-10,0.072896
2021-02-11,0.069676
2021-02-12,0.070069
2021-02-13,0.066450
2021-02-14,0.062537
2021-02-15,0.056591
2021-02-16,0.053520
2021-02-17,0.049376
2021-02-18,0.059541
2021-02-19,0.055139
2021-02-20,0.054384
2021-02-21,0.055980
2021-02-22,0.053725
2021-02-23,0.047392
2021-02-24,0.056555
2021-02-25,0.050167
2021-02-26,0.050480
2021-02-27,0.050083
2021-02-28,0.048052
2021-03-01,0.050599
2021-03-02,0.050262
2021-03-03,0.050592
2021-03-04,0.050048
2021-03-05,0.049609
2021-03-06,0.050984
2021-03-07,0.052122
2021-03-08,0.061949
2021-03-09,0.057998
2021-03-10,0.056004
2021-03-11,0.055918
2021-03-12,0.055349
2021-03-13,0.062432
2021-03-14,0.058592
2021-03-15,0.057088
2021-03-16,0.058607
2021-03-17,0.057653
2021-03-18,0.057383
2021-03-19,0.058328
2021-03-20,0.058961
2021-03-21,0.057234
2021-03-22,0.054962
2021-03-23,0.053556
2021-03-24,0.051702
2021-03-25,0.051448
2021-03-26,0.053952
2021-03-27,0.054377
2021-03-28,0.053698
2021-03-29,0.054052
2021-03-30,0.053900
2021-03-31,0.053657
2021-04-01,0.061986
2021-04-02,0.057664
2021-04-03,0.055804
2021-04-04,0.057404
2021-04-05,0.059696
2021-04-06,0.064458
2021-04-07,0.059028
2021-04-08,0.061464
2021-04-09,0.061684
2021-04-10,0.063845
2021-04-11,0.074649
2021-04-12,0.070767
2021-04-13,0.093445
2021-04-14,0.121517
2021-04-15,0.182207
2021-04-16,0.365870
2021-04-17,0.284173
2021-04-18,0.320475
2021-04-19,0.407318
2021-04-20,0.319500
2021-04-21,0.306925
2021-04-22,0.260967
2021-04-23,0.248509
2021-04-24,0.270212
2021-04-25,0.251111
2021-04-26,0.270674
2021-04-27,0.272188
2021-04-28,0.323682
2021-04-29,0.305169
2021-04-30,0.337561
2021-05-01,0.392987
2021-05-02,0.376046
2021-05-03,0.441707
2021-05-04,0.541334
2021-05-05,0.657633
2021-05-06,0.580804
2021-05-07,0.684777
2021-05-08,0.636439
2021-05-09,0.570070
2021-05-10,0.449964
2021-05-11,0.495231
2021-05-12,0.385376
2021-05-13,0.490374
2021-05-14,0.559604
2021-05-15,0.507972
2021-05-16,0.514895
2021-05-17,0.487892
2021-05-18,0.476115
2021-05-19,0.333123
2021-05-20,0.400194
2021-05-21,0.359382
2021-05-22,0.342371
2021-05-23,0.308071
2021-05-24,0.366162
2021-05-25,0.346302
2021-05-26,0.353693
2021-05-27,0.332945
2021-05-28,0.311205
2021-05-29,0.303110
2021-05-30,0.302224
2021-05-31,0.325810
2021-06-01,0.370077
2021-06-02,0.423374
2021-06-03,0.399963
2021-06-04,0.376323
2021-06-05,0.372177
2021-06-06,0.371807
2021-06-07,0.331050
2021-06-08,0.327687
2021-06-09,0.343331
2021-06-10,0.326351
2021-06-11,0.319359
2021-06-12,0.312084
2021-06-13,0.324382
2021-06-14,0.332085
2021-06-15,0.328381
2021-06-16,0.307761
2021-06-17,0.306496
2021-06-18,0.293472
2021-06-19,0.287356
2021-06-20,0.280900
2021-06-21,0.178691
2021-06-22,0.191031
2021-06-23,0.232174
2021-06-24,0.262782
2021-06-25,0.239153
2021-06-26,0.244784
2021-06-27,0.264450
2021-06-28,0.256857
2021-06-29,0.262769
2021-06-30,0.254215
2021-07-01,0.244549
2021-07-02,0.245264
2021-07-03,0.246411
2021-07-04,0.246483
2021-07-05,0.231614
2021-07-06,0.234422
2021-07-07,0.224126
2021-07-08,0.207597
2021-07-09,0.219864
2021-07-10,0.213920
2021-07-11,0.215856
2021-07-12,0.208048
2021-07-13,0.200003
2021-07-14,0.197324
2021-07-15,0.184888
2021-07-16,0.172345
2021-07-17,0.186125
2021-07-18,0.182233
2021-07-19,0.173556
2021-07-20,0.170801
2021-07-21,0.190349
2021-07-22,0.191303
2021-07-23,0.194764
2021-07-24,0.197319
2021-07-25,0.197864
2021-07-26,0.204419
2021-07-27,0.205899
2021-07-28,0.205392
2021-07-29,0.204619
2021-07-30,0.208821
2021-07-31,0.208314
2021-08-01,0.204437
2021-08-02,0.203600
2021-08-03,0.195967
2021-08-04,0.201490
2021-08-05,0.200974
2021-08-06,0.204688
2021-08-07,0.260341
2021-08-08,0.240045
2021-08-09,0.256897
2021-08-10,0.257325
2021-08-11,0.265263
2021-08-12,0.263921
2021-08-13,0.286808
2021-08-14,0.293113
2021-08-15,0.341441
2021-08-16,0.320715
2021-08-17,0.299442
2021-08-18,0.303739
2021-08-19,0.317144
2021-08-20,0.327491
2021-08-21,0.316797
2021-08-22,0.314963
2021-08-23,0.317914
2021-08-24,0.288739
2021-08-25,0.292226
2021-08-26,0.268909
2021-08-27,0.294433
2021-08-28,0.285629
2021-08-29,0.281125
2021-08-30,0.272125
2021-08-31,0.278453
2021-09-01,0.294401
2021-09-02,0.295955
2021-09-03,0.296273
2021-09-04,0.299388
2021-09-05,0.314527
2021-09-06,0.308765
2021-09-07,0.253744
2021-09-08,0.257113
2021-09-09,0.252596
2021-09-10,0.239982
2021-09-11,0.241432
2021-09-12,0.250617
2021-09-13,0.235906
2021-09-14,0.240709
2021-09-15,0.247697
2021-09-16,0.242555
2021-09-17,0.239930
2021-09-18,0.241386
2021-09-19,0.233142
2021-09-20,0.207071
2021-09-21,0.201027
2021-09-22,0.224858
2021-09-23,0.224832
2021-09-24,0.209451
2021-09-25,0.208640
2021-09-26,0.204962
2021-09-27,0.200262
2021-09-28,0.196804
2021-09-29,0.198876
2021-09-30,0.204244
2021-10-01,0.223010
2021-10-02,0.219133
2021-10-03,0.221748
2021-10-04,0.240852
2021-10-05,0.252016
2021-10-06,0.255134
2021-10-07,0.242923
2021-10-08,0.243851
2021-10-09,0.246596
2021-10-10,0.229805
2021-10-11,0.231503
2021-10-12,0.226242
2021-10-13,0.232572
2021-10-14,0.232273
2021-10-15,0.233782
2021-10-16,0.237292
2021-10-17,0.237898
2021-10-18,0.247281
2021-10-19,0.245788
2021-10-20,0.254093
2021-10-21,0.242391
2021-10-22,0.244221
2021-10-23,0.251733
2021-10-24,0.277048
2021-10-25,0.264707
2021-10-26,0.255732
2021-10-27,0.237690
2021-10-28,0.300447
2021-10-29,0.287853
2021-10-30,0.268345
2021-10-31,0.280244
2021-11-01,0.271728
2021-11-02,0.273121
2021-11-03,0.269407
2021-11-04,0.263280
2021-11-05,0.261465
2021-11-06,0.261898
2021-11-07,0.266315
2021-11-08,0.282359
2021-11-09,0.273526
2021-11-10,0.255709
2021-11-11,0.261167
2021-11-12,0.259414
2021-11-13,0.261706
2021-11-14,0.262912
2021-11-15,0.256529
2021-11-16,0.237249
2021-11-17,0.237487
2021-11-18,0.221383
2021-11-19,0.233110
2021-11-20,0.233024
2021-11-21,0.226328
2021-11-22,0.219676
2021-11-23,0.226512
2021-11-24,0.221825
2021-11-25,0.216326
2021-11-26,0.200887
2021-11-27,0.205347
2021-11-28,0.207472
2021-11-29,0.215175
2021-11-30,0.214715
2021-12-01,0.209487
2021-12-02,0.209726
2021-12-03,0.199993
2021-12-04,0.178853
2021-12-05,0.171255
2021-12-06,0.178400
2021-12-07,0.176805
2021-12-08,0.179151
2021-12-09,0.169484
2021-12-10,0.164422
2021-12-11,0.169019
2021-12-12,0.169891
2021-12-13,0.157565
2021-12-14,0.180157
2021-12-15,0.181082
2021-12-16,0.173454
2021-12-17,0.169010
2021-12-18,0.172400
2021-12-19,0.169576
2021-12-20,0.167322
2021-12-21,0.171175
2021-12-22,0.173214
2021-12-23,0.184490
2021-12-24,0.186622
2021-12-25,0.190657
2021-12-26,0.190020
2021-12-27,0.187705
2021-12-28,0.174117
2021-12-29,0.167765
2021-12-30,0.171313
2021-12-31,0.170496
2022-01-01,0.173035
2022-01-02,0.174403
2022-01-03,0.170088
2022-01-04,0.168803
2022-01-05,0.159420
2022-01-06,0.160213
2022-01-07,0.155023
2022-01-08,0.151954
2022-01-09,0.151065
2022-01-10,0.143359
2022-01-11,0.153399
2022-01-12,0.161652
2022-01-13,0.172043
2022-01-14,0.183549
2022-01-15,0.185103
2022-01-16,0.177176
2022-01-17,0.171145
2022-01-18,0.165485
2022-01-19,0.162356
2022-01-20,0.155204
2022-01-21,0.142640
2022-01-22,0.132892
2022-01-23,0.141863
2022-01-24,0.137798
2022-01-25,0.143049
2022-01-26,0.143789
2022-01-27,0.141247
2022-01-28,0.141656
2022-01-29,0.143056
2022-01-30,0.139471
2022-01-31,0.141805
2022-02-01,0.142631
2022-02-02,0.137235
2022-02-03,0.137541
2022-02-04,0.147503
2022-02-05,0.147141
2022-02-06,0.153770
2022-02-07,0.165578
2022-02-08,0.158405
2022-02-09,0.159123
2022-02-10,0.151889
2022-02-11,0.144847
2022-02-12,0.144405
2022-02-13,0.148948
2022-02-14,0.146003
2022-02-15,0.151761
2022-02-16,0.149095
2022-02-17,0.138552
2022-02-18,0.138768
2022-02-19,0.141206
2022-02-20,0.136868
2022-02-21,0.128490
2022-02-22,0.131553
2022-02-23,0.127846
2022-02-24,0.123813
2022-02-25,0.127576
2022-02-26,0.127647
2022-02-27,0.123111
2022-02-28,0.133156
2022-03-01,0.133938
2022-03-02,0.132990
2022-03-03,0.129610
2022-03-04,0.122591
2022-03-05,0.124996
2022-03-06,0.120766
2022-03-07,0.117105
2022-03-08,0.117029
2022-03-09,0.121588
2022-03-10,0.116885
2022-03-11,0.115602
2022-03-12,0.115136
2022-03-13,0.111608
2022-03-14,0.114048
2022-03-15,0.112784
2022-03-16,0.116908
2022-03-17,0.116502
2022-03-18,0.119306
2022-03-19,0.123569
2022-03-20,0.119154
2022-03-21,0.119339
2022-03-22,0.122481
2022-03-23,0.129727
2022-03-24,0.136550
2022-03-25,0.131013
2022-03-26,0.135868
2022-03-27,0.144732
2022-03-28,0.142657
2022-03-29,0.144470
2022-03-30,0.143210
2022-03-31,0.137826
2022-04-01,0.141315
2022-04-02,0.138913
2022-04-03,0.146453
2022-04-04,0.148591
2022-04-05,0.172907
2022-04-06,0.143417
2022-04-07,0.146102
2022-04-08,0.142549
2022-04-09,0.144303
2022-04-10,0.149535
2022-04-11,0.134654
2022-04-12,0.138076
2022-04-13,0.140080
2022-04-14,0.143920
2022-04-15,0.146026
2022-04-16,0.143712
2022-04-17,0.139459
2022-04-18,0.140286
2022-04-19,0.142665
2022-04-20,0.140878
2022-04-21,0.136365
2022-04-22,0.136395
2022-04-23,0.134241
2022-04-24,0.131947
2022-04-25,0.157959
2022-04-26,0.137767
2022-04-27,0.139700
2022-04-28,0.137363
2022-04-29,0.135027
2022-04-30,0.127557
2022-05-01,0.132773
2022-05-02,0.130938
2022-05-03,0.129520
2022-05-04,0.135809
2022-05-05,0.128430
2022-05-06,0.127901
2022-05-07,0.127532
2022-05-08,0.124207
2022-05-09,0.104824
2022-05-10,0.108477
2022-05-11,0.084581
2022-05-12,0.082671
2022-05-13,0.088331
2022-05-14,0.089796
2022-05-15,0.092843
2022-05-16,0.087841
2022-05-17,0.090213
2022-05-18,0.083649
2022-05-19,0.086723
2022-05-20,0.083977
2022-05-21,0.084463
2022-05-22,0.086105
2022-05-23,0.083253
2022-05-24,0.083637
2022-05-25,0.082985
2022-05-26,0.078252
2022-05-27,0.081335
2022-05-28,0.081839
2022-05-29,0.082686
2022-05-30,0.087871
2022-05-31,0.085865
2022-06-01,0.081056
2022-06-02,0.082772
2022-06-03,0.080442
2022-06-04,0.081777
2022-06-05,0.081229
2022-06-06,0.082530
2022-06-07,0.080513
2022-06-08,0.079439
2022-06-09,0.079336
2022-06-10,0.075454
2022-06-11,0.069895
2022-06-12,0.064336
2022-06-13,0.053921
2022-06-14,0.055592
2022-06-15,0.063000
2022-06-16,0.055029
2022-06-17,0.056995
2022-06-18,0.053012
2022-06-19,0.060396
2022-06-20,0.060177
2022-06-21,0.065571
2022-06-22,0.061711
2022-06-23,0.064032
2022-06-24,0.067124
2022-06-25,0.068503
2022-06-26,0.073177
2022-06-27,0.072239
2022-06-28,0.065957
2022-06-29,0.069468
2022-06-30,0.066086
2022-07-01,0.066175
2022-07-02,0.066698
2022-07-03,0.067179
2022-07-04,0.069472
2022-07-05,0.067155
2022-07-06,0.068583
2022-07-07,0.070621
2022-07-08,0.069257
2022-07-09,0.069512
2022-07-10,0.067263
2022-07-11,0.061847
2022-07-12,0.060087
2022-07-13,0.061953
2022-07-14,0.062394
2022-07-15,0.063042
2022-07-16,0.064280
2022-07-17,0.063107
2022-07-18,0.067715
2022-07-19,0.069013
2022-07-20,0.070120
2022-07-21,0.069960
2022-07-22,0.067563
2022-07-23,0.068124
2022-07-24,0.067724
2022-07-25,0.062306
2022-07-26,0.062512
2022-07-27,0.067021
2022-07-28,0.069108
2022-07-29,0.068909
2022-07-30,0.069644
2022-07-31,0.068272
2022-08-01,0.068725
2022-08-02,0.066694
2022-08-03,0.066195
2022-08-04,0.067357
2022-08-05,0.069765
2022-08-06,0.068674
2022-08-07,0.068940
2022-08-08,0.070055
2022-08-09,0.069125
2022-08-10,0.071195
2022-08-11,0.070930
2022-08-12,0.072345
2022-08-13,0.072840
2022-08-14,0.081687
2022-08-15,0.076720
2022-08-16,0.086964
2022-08-17,0.080154
2022-08-18,0.075079
2022-08-19,0.067939
2022-08-20,0.069540
2022-08-21,0.069448
2022-08-22,0.068391
2022-08-23,0.068770
2022-08-24,0.067990
2022-08-25,0.069094
2022-08-26,0.063572
2022-08-27,0.063587
2022-08-28,0.061786
2022-08-29,0.063887
2022-08-30,0.061525
2022-08-31,0.061330
2022-09-01,0.062372
2022-09-02,0.061635
2022-09-03,0.062694
2022-09-04,0.063226
2022-09-05,0.062738
2022-09-06,0.058983
2022-09-07,0.061104
2022-09-08,0.060977
2022-09-09,0.064018
2022-09-10,0.064776
2022-09-11,0.063714
2022-09-12,0.063905
2022-09-13,0.060129
2022-09-14,0.061173
2022-09-15,0.058791
2022-09-16,0.060423
2022-09-17,0.062210
2022-09-18,0.057520
2022-09-19,0.058612
2022-09-20,0.058417
2022-09-21,0.057404
2022-09-22,0.059599
2022-09-23,0.063336
2022-09-24,0.063234
2022-09-25,0.061152
2022-09-26,0.061089
2022-09-27,0.060609
2022-09-28,0.060623
2022-09-29,0.060728
2022-09-30,0.061653
2022-10-01,0.060627
2022-10-02,0.059288
2022-10-03,0.060384
2022-10-04,0.065962
2022-10-05,0.064735
2022-10-06,0.063444
2022-10-07,0.062409
2022-10-08,0.061678
2022-10-09,0.062156
2022-10-10,0.059513
2022-10-11,0.060258
2022-10-12,0.059881
2022-10-13,0.059674
2022-10-14,0.058643
2022-10-15,0.058580
2022-10-16,0.058914
2022-10-17,0.059935
2022-10-18,0.059776
2022-10-19,0.058713
2022-10-20,0.059536
2022-10-21,0.059334
2022-10-22,0.059694
2022-10-23,0.060347
2022-10-24,0.059506
2022-10-25,0.062882
2022-10-26,0.072800
2022-10-27,0.077018
2022-10-28,0.083897
2022-10-29,0.121603
2022-10-30,0.117802
2022-10-31,0.127026
2022-11-01,0.142575
2022-11-02,0.127830
2022-11-03,0.122592
2022-11-04,0.126280
2022-11-05,0.124388
2022-11-06,0.114606
2022-11-07,0.111299
2022-11-08,0.088410
2022-11-09,0.074288
2022-11-10,0.089789
2022-11-11,0.084885
2022-11-12,0.088039
2022-11-13,0.084893
2022-11-14,0.085879
2022-11-15,0.086971
2022-11-16,0.085583
2022-11-17,0.084765
2022-11-18,0.084672
2022-11-19,0.084581
2022-11-20,0.077174
2022-11-21,0.074711
2022-11-22,0.078488
2022-11-23,0.081786
2022-11-24,0.081481
2022-11-25,0.089475
2022-11-26,0.088988
2022-11-27,0.098712
2022-11-28,0.095122
2022-11-29,0.101853
2022-11-30,0.106860
2022-12-01,0.101584
2022-12-02,0.102148
2022-12-03,0.099824
2022-12-04,0.104286
2022-12-05,0.101474
2022-12-06,0.100278
2022-12-07,0.095783
2022-12-08,0.098540
2022-12-09,0.096662
2022-12-10,0.096457
2022-12-11,0.092875
2022-12-12,0.090258
2022-12-13,0.090940
2022-12-14,0.088514
2022-12-15,0.084722
2022-12-16,0.075942
2022-12-17,0.079267
2022-12-18,0.078641
2022-12-19,0.071429
2022-12-20,0.074935
2022-12-21,0.073679
2022-12-22,0.076967
2022-12-23,0.077129
2022-12-24,0.077648
2022-12-25,0.075952
2022-12-26,0.075783
2022-12-27,0.073724
2022-12-28,0.070381
2022-12-29,0.071042
2022-12-30,0.068404
2022-12-31,0.070294
2023-01-01,0.070225
2023-01-02,0.071454
2023-01-03,0.070468
2023-01-04,0.073237
2023-01-05,0.071550
2023-01-06,0.072470
2023-01-07,0.072222
2023-01-08,0.073601
2023-01-09,0.075784
2023-01-10,0.077729
2023-01-11,0.078153
2023-01-12,0.080286
2023-01-13,0.084438
2023-01-14,0.087323
2023-01-15,0.086131
2023-01-16,0.083636
2023-01-17,0.082982
2023-01-18,0.080191
2023-01-19,0.081660
2023-01-20,0.086403
2023-01-21,0.084765
2023-01-22,0.088304
2023-01-23,0.088605
2023-01-24,0.083950
2023-01-25,0.086594
2023-01-26,0.086373
2023-01-27,0.087123
2023-01-28,0.087788
2023-01-29,0.090233
2023-01-30,0.088337
2023-01-31,0.096167
2023-02-01,0.094171
2023-02-02,0.090979
2023-02-03,0.092987
2023-02-04,0.095782
2023-02-05,0.092095
2023-02-06,0.089549
2023-02-07,0.092576
2023-02-08,0.090156
2023-02-09,0.081480
2023-02-10,0.081090
2023-02-11,0.082372
2023-02-12,0.082144
2023-02-13,0.082156
2023-02-14,0.083534
2023-02-15,0.089291
2023-02-16,0.085044
2023-02-17,0.087766
2023-02-18,0.088927
2023-02-19,0.086966
2023-02-20,0.088208
2023-02-21,0.085413
2023-02-22,0.085534
2023-02-23,0.084292
2023-02-24,0.080900
2023-02-25,0.080786
2023-02-26,0.082202
2023-02-27,0.081354
2023-02-28,0.080749
2023-03-01,0.081964
2023-03-02,0.080520
2023-03-03,0.076777
2023-03-04,0.074556
2023-03-05,0.074795
2023-03-06,0.074805
2023-03-07,0.074048
2023-03-08,0.071130
2023-03-09,0.065987
2023-03-10,0.065833
2023-03-11,0.066594
2023-03-12,0.071001
2023-03-13,0.073041
2023-03-14,0.074787
2023-03-15,0.069866
2023-03-16,0.072718
2023-03-17,0.076509
2023-03-18,0.073050
2023-03-19,0.074813
2023-03-20,0.071487
2023-03-21,0.076894
2023-03-22,0.073999
2023-03-23,0.077412
2023-03-24,0.074680
2023-03-25,0.074044
2023-03-26,0.074417
2023-03-27,0.072895
2023-03-28,0.073823
2023-03-29,0.075627
2023-03-30,0.074245
2023-03-31,0.077035
2023-04-01,0.084051
2023-04-02,0.079089
2023-04-03,0.096079
2023-04-04,0.095159
2023-04-05,0.092817
2023-04-06,0.085412
2023-04-07,0.082456
2023-04-08,0.081405
2023-04-09,0.083290
2023-04-10,0.084852
2023-04-11,0.084237
2023-04-12,0.083433
2023-04-13,0.087484
2023-04-14,0.088785
2023-04-15,0.088974
2023-04-16,0.090472
2023-04-17,0.091449
2023-04-18,0.093989
2023-04-19,0.087868
2023-04-20,0.083937
2023-04-21,0.078479
2023-04-22,0.080375
2023-04-23,0.078820
2023-04-24,0.078784
2023-04-25,0.079847
2023-04-26,0.078623
2023-04-27,0.080190
2023-04-28,0.080364
2023-04-29,0.081630
2023-04-30,0.079769
2023-05-01,0.078820
2023-05-02,0.078806
2023-05-03,0.079713
2023-05-04,0.078449
2023-05-05,0.080390
2023-05-06,0.076998
2023-05-07,0.076710
2023-05-08,0.072473
2023-05-09,0.073139
2023-05-10,0.073226
2023-05-11,0.072085
2023-05-12,0.072459
2023-05-13,0.071777
2023-05-14,0.071986
2023-05-15,0.072046
2023-05-16,0.072729
2023-05-17,0.074911
2023-05-18,0.073546
2023-05-19,0.073527
2023-05-20,0.073670
2023-05-21,0.072142
2023-05-22,0.072998
2023-05-23,0.072864
2023-05-24,0.070735
2023-05-25,0.070875
2023-05-26,0.070984
2023-05-27,0.072683
2023-05-28,0.073613
2023-05-29,0.073185
2023-05-30,0.072361
2023-05-31,0.071660
2023-06-01,0.071492
2023-06-02,0.072612
2023-06-03,0.072671
2023-06-04,0.072471
2023-06-05,0.066573
2023-06-06,0.070373
2023-06-07,0.067300
2023-06-08,0.067966
2023-06-09,0.069489
2023-06-10,0.061860
2023-06-11,0.061587
2023-06-12,0.061459
2023-06-13,0.061723
2023-06-14,0.060387
2023-06-15,0.061503
2023-06-16,0.062102
2023-06-17,0.062217
2023-06-18,0.062167
2023-06-19,0.062341
2023-06-20,0.063045
2023-06-21,0.065704
2023-06-22,0.065643
2023-06-23,0.068174
2023-06-24,0.066742
2023-06-25,0.066764
2023-06-26,0.064749
2023-06-27,0.065545
2023-06-28,0.062602
2023-06-29,0.063407
2023-06-30,0.066479
2023-07-01,0.068478
2023-07-02,0.068038
2023-07-03,0.068353
2023-07-04,0.068941
2023-07-05,0.067033
2023-07-06,0.065026
2023-07-07,0.065425
2023-07-08,0.065761
2023-07-09,0.065435
2023-07-10,0.065243
2023-07-11,0.065287
2023-07-12,0.065071
2023-07-13,0.070507
2023-07-14,0.068529
2023-07-15,0.071927
2023-07-16,0.069554
2023-07-17,0.069905
2023-07-18,0.068583
2023-07-19,0.070159
2023-07-20,0.070516
2023-07-21,0.073295
2023-07-22,0.070433
2023-07-23,0.071819
2023-07-24,0.074268
2023-07-25,0.081845
2023-07-26,0.077958
2023-07-27,0.077562
2023-07-28,0.077321
2023-07-29,0.080188
2023-07-30,0.078061
2023-07-31,0.077818
2023-08-01,0.078042
2023-08-02,0.074213
2023-08-03,0.073615
2023-08-04,0.073416
2023-08-05,0.075686
2023-08-06,0.074266
2023-08-07,0.073422
2023-08-08,0.074986
2023-08-09,0.075314
2023-08-10,0.075803
2023-08-11,0.075666
2023-08-12,0.076742
2023-08-13,0.074783
2023-08-14,0.074731
2023-08-15,0.070863
2023-08-16,0.067183
2023-08-17,0.061185
2023-08-18,0.063234
2023-08-19,0.063758
2023-08-20,0.063830
2023-08-21,0.062529
2023-08-22,0.062599
2023-08-23,0.063778
2023-08-24,0.063036
2023-08-25,0.063084
2023-08-26,0.062868
2023-08-27,0.063171
2023-08-28,0.063438
2023-08-29,0.066390
2023-08-30,0.065838
2023-08-31,0.063785
2023-09-01,0.063849
2023-09-02,0.063494
2023-09-03,0.063173
2023-09-04,0.063185
2023-09-05,0.063992
2023-09-06,0.063613
2023-09-07,0.063579
2023-09-08,0.063649
2023-09-09,0.063405
2023-09-10,0.061327
2023-09-11,0.060462
2023-09-12,0.060951
2023-09-13,0.061280
2023-09-14,0.062072
2023-09-15,0.062553
2023-09-16,0.062148
2023-09-17,0.061517
2023-09-18,0.062016
2023-09-19,0.062709
2023-09-20,0.062630
2023-09-21,0.061346
2023-09-22,0.061531
2023-09-23,0.061507
2023-09-24,0.060743
2023-09-25,0.060959
2023-09-26,0.060599
2023-09-27,0.060504
2023-09-28,0.061484
2023-09-29,0.062178
2023-09-30,0.062141
2023-10-01,0.063193
2023-10-02,0.062060
2023-10-03,0.061386
2023-10-04,0.061488
2023-10-05,0.060923
2023-10-06,0.061426
2023-10-07,0.061455
2023-10-08,0.061008
2023-10-09,0.058779
2023-10-10,0.059025
2023-10-11,0.058470
2023-10-12,0.057897
2023-10-13,0.058398
2023-10-14,0.059859
2023-10-15,0.059350
2023-10-16,0.060114
2023-10-17,0.059120
2023-10-18,0.058673
2023-10-19,0.058883
2023-10-20,0.059965
2023-10-21,0.061188
2023-10-22,0.061596
2023-10-23,0.067085
2023-10-24,0.066556
2023-10-25,0.068361
2023-10-26,0.071867
2023-10-27,0.067881
2023-10-28,0.069001
2023-10-29,0.069359
2023-10-30,0.069650
2023-10-31,0.068277
2023-11-01,0.068841
2023-11-02,0.067934
2023-11-03,0.068144
2023-11-04,0.069079
2023-11-05,0.071224
2023-11-06,0.076381
2023-11-07,0.073518
2023-11-08,0.075481
2023-11-09,0.073461
2023-11-10,0.075444
2023-11-11,0.078406
2023-11-12,0.077981
2023-11-13,0.074782
2023-11-14,0.072457
2023-11-15,0.076356
2023-11-16,0.079277
2023-11-17,0.086304
2023-11-18,0.080383
2023-11-19,0.080576
2023-11-20,0.077879
2023-11-21,0.072119
2023-11-22,0.075784
2023-11-23,0.076200
2023-11-24,0.078217
2023-11-25,0.078955
2023-11-26,0.078704
2023-11-27,0.078788
2023-11-28,0.081009
2023-11-29,0.080593
2023-11-30,0.083417
2023-12-01,0.083857
2023-12-02,0.086279
2023-12-03,0.085615
2023-12-04,0.091940
2023-12-05,0.094247
2023-12-06,0.094864
2023-12-07,0.095920
2023-12-08,0.101470
2023-12-09,0.098542
2023-12-10,0.101801
2023-12-11,0.094384
2023-12-12,0.093835
2023-12-13,0.096428
2023-12-14,0.098255
2023-12-15,0.093004
2023-12-16,0.097056
2023-12-17,0.093097
2023-12-18,0.092036
2023-12-19,0.090297
2023-12-20,0.091417
2023-12-21,0.095004
2023-12-22,0.095198
2023-12-23,0.093562
2023-12-24,0.091895
2023-12-25,0.094449
2023-12-26,0.091356
2023-12-27,0.093579
2023-12-28,0.091884
2023-12-29,0.091038
2023-12-30,0.090148
2023-12-31,0.089472
2024-01-01,0.092024
2024-01-02,0.091204
2024-01-03,0.082042
2024-01-04,0.084131
2024-01-05,0.082773
2024-01-06,0.080664
2024-01-07,0.078225
2024-01-08,0.081370
2024-01-09,0.079263
2024-01-10,0.082942
2024-01-11,0.084625
2024-01-12,0.080046
2024-01-13,0.080923
2024-01-14,0.079978
2024-01-15,0.081125
2024-01-16,0.081310
2024-01-17,0.080505
2024-01-18,0.077987
2024-01-19,0.078536
2024-01-20,0.087888
2024-01-21,0.085273
2024-01-22,0.080341
2024-01-23,0.078154
2024-01-24,0.079016
2024-01-25,0.077933
2024-01-26,0.079901
2024-01-27,0.080142
2024-01-28,0.078813
2024-01-29,0.081289
2024-01-30,0.079723
2024-01-31,0.078764
2024-02-01,0.079327
2024-02-02,0.079233
2024-02-03,0.078651
2024-02-04,0.078238
2024-02-05,0.078220
2024-02-06,0.078466
2024-02-07,0.080104
2024-02-08,0.079871
2024-02-09,0.081579
2024-02-10,0.081448
2024-02-11,0.081193
2024-02-12,0.082345
2024-02-13,0.081089
2024-02-14,0.085543
2024-02-15,0.085356
2024-02-16,0.086013
2024-02-17,0.083593
2024-02-18,0.085166
2024-02-19,0.089477
2024-02-20,0.086143
2024-02-21,0.084615
2024-02-22,0.084089
2024-02-23,0.084434
2024-02-24,0.086156
2024-02-25,0.086099
2024-02-26,0.089389
2024-02-27,0.097671
2024-02-28,0.116582
2024-02-29,0.117185
2024-03-01,0.139557
2024-03-02,0.142121
2024-03-03,0.153836
2024-03-04,0.182910
2024-03-05,0.153937
2024-03-06,0.157791
2024-03-07,0.158121
2024-03-08,0.165347
2024-03-09,0.179083
2024-03-10,0.169920
2024-03-11,0.181965
2024-03-12,0.168144
2024-03-13,0.169158
2024-03-14,0.177330
2024-03-15,0.163231
2024-03-16,0.142368
2024-03-17,0.154330
2024-03-18,0.143673
2024-03-19,0.128728
2024-03-20,0.152186
2024-03-21,0.155292
2024-03-22,0.152703
2024-03-23,0.161768
2024-03-24,0.176453
2024-03-25,0.175367
2024-03-26,0.182486
2024-03-27,0.190330
2024-03-28,0.220056
2024-03-29,0.213491
2024-03-31,0.203116